<?xml version="1.0" encoding="UTF-8"?>
<project-private xmlns="http://www.netbeans.org/ns/project-private/1">
    <editor-bookmarks xmlns="http://www.netbeans.org/ns/editor-bookmarks/2" lastBookmarkId="0"/>
    <open-files xmlns="http://www.netbeans.org/ns/projectui-open-files/2">
        <group>
            <file>file:/Users/morrisono/Desktop/OOP-%20MyhealhApp/src/HealthApp/UserUI.java</file>
            <file>file:/Users/morrisono/Desktop/OOP-%20MyhealhApp/src/HealthApp/EntryF.java</file>
            <file>file:/Users/morrisono/Desktop/OOP-%20MyhealhApp/src/HealthApp/MyhealthApp.java</file>
            <file>file:/Users/morrisono/Desktop/OOP-%20MyhealhApp/src/HealthApp/User.java</file>
            <file>file:/Users/morrisono/Desktop/OOP-%20MyhealhApp/src/HealthApp/EntryForm.java</file>
            <file>file:/Users/morrisono/Desktop/OOP-%20MyhealhApp/src/HealthApp/Calorie.java</file>
            <file>file:/Users/morrisono/Desktop/OOP-%20MyhealhApp/src/HealthApp/Login.java</file>
            <file>file:/Users/morrisono/Desktop/OOP-%20MyhealhApp/src/HealthApp/ProfileGUI.java</file>
            <file>file:/Users/morrisono/Desktop/OOP-%20MyhealhApp/src/HealthApp/EntryFUI.java</file>
            <file>file:/Users/morrisono/Desktop/OOP-%20MyhealhApp/src/HealthApp/FatTips.java</file>
        </group>
    </open-files>
</project-private>
